Number,Gender,GivenName,MiddleInitial,Surname,EmailAddress,TelephoneNumber,Company
1,female,test,man,1,JeanneKGibbons@einrot.com,320-692-1388,Mikrotechnic
2,male,test,man,2,JohnVPrice@armyspy.com,817-696-9916,"AJ Bayless"
3,female,test,man,3,ArdisNFlores@cuvox.de,410-532-4154,"Northern Reflections"
4,male,test,man,4,JohnMCarroll@einrot.com,218-432-5117,"EnviroSource Design"
5,male,test,man,5,JohnSPinto@superrito.com,517-331-0179,Widdmann
6,female,test,man,6,SueDCriswell@rhyta.com,240-491-5836,"Flipside Records"
7,male,test,man,7,JohnHBiggins@armyspy.com,432-458-4906,"Balanced Fortune"
8,female,test,man,8,EdnaBToms@rhyta.com,703-475-1035,Metro
9,female,test,man,9,MarleneJWashington@fleckens.hu,203-492-8118,"Franklin Simon"
10,female,test,man,10,SebrinaPKennedy@superrito.com,732-546-5235,"Pro Yard Services"
